"workerId","postId","userAgent","experimentID","taskID","modules/t01.html_time","modules/t01.html_answers","modules/t01.html_responses","modules/t01.html_grade","modules/t01.html_exitq","q1"
"A3NBOAYT9H3LO0","iwi5u45z","Mozilla/5.0 (Windows NT 6.1) AppleWebKit/537.36 (KHTML, like Gecko) Chrome/54.0.2840.99 Safari/537.36","modules/t01.html,modules/t02.html,modules/t03.html,modules/t04.html,modules/t05.html,modules/t06.html,modules/t07.html,modules/t08.html,modules/t09.html,modules/t10.html,modules/t11.html","modules/t01.html","73981","[true,false,false,true]","[true,false,false,true]","1","true","I really struggled with comprehending all of the different rules. "
"AGMJL8K9OMU64","iwi5oh9f","Mozilla/5.0 (Macintosh; Intel Mac OS X 10_11_1) AppleWebKit/537.36 (KHTML, like Gecko) Chrome/54.0.2840.98 Safari/537.36","modules/t01.html,modules/t02.html,modules/t03.html,modules/t04.html,modules/t05.html,modules/t06.html,modules/t07.html,modules/t08.html,modules/t09.html,modules/t10.html,modules/t11.html","modules/t01.html","346840","[true,false,false,true]","[true,true,true,true]","0.5","true","It was difficult to prioritize the list in a way that made it easy to eliminate issues."
"A320QA9HJFUOZO","iwi8uer7","Mozilla/5.0 (Windows NT 6.1; WOW64) AppleWebKit/537.36 (KHTML, like Gecko) Chrome/54.0.2840.99 Safari/537.36","modules/t01.html,modules/t02.html,modules/t03.html,modules/t04.html,modules/t05.html,modules/t06.html,modules/t07.html,modules/t08.html,modules/t09.html,modules/t10.html,modules/t11.html","modules/t01.html","55541","[true,false,false,true]","[true,false,false,true]","1","true","There was one I thought I got right and am confused how I got it wrong. The conditions stated ""For each class, only students can be assistants""  3rd set on the page - ""Jessica is a professor""  ""Jessica is an assistant"" - Marked it red b/c Jessica was a professor AND assistant, and only students can be assistants. This could be possible if professors of other classes were allowed to be assistants in classes they did not teach, but the conditions did not specify that. \nAnyway, it was mildly interesting, thanks. \nAlso, I don't see a code below, but hopefully one will be shown after pressing submit."
"A2F79GFUWU5O96","iwi5wx8n","Mozilla/5.0 (Windows NT 6.3; WOW64) AppleWebKit/537.36 (KHTML, like Gecko) Chrome/54.0.2840.99 Safari/537.36","modules/t01.html,modules/t02.html,modules/t03.html,modules/t04.html,modules/t05.html,modules/t06.html,modules/t07.html,modules/t08.html,modules/t09.html,modules/t10.html,modules/t11.html","modules/t01.html","82258","[true,false,false,true]","[true,true,true,true]","0.5","true","I don't see a survey code. It just says, ""Please copy and paste the following code back on Mechanical Turk before closing this window:   ""\n\nMy worker id is: A2F79GFUWU5O96"
"debug","iwi3r8au","Mozilla/5.0 (X11; Ubuntu; Linux x86_64; rv:50.0) Gecko/20100101 Firefox/50.0","modules/t01.html,modules/t02.html,modules/t03.html,modules/t04.html,modules/t05.html,modules/t06.html,modules/t07.html,modules/t08.html,modules/t09.html,modules/t10.html,modules/t11.html","modules/t01.html","3161","[true,false,false,true]","[true,true,true,true]","0.5","true","foobar"
"A1A7P5LC80G47W","iwi5jv1h","Mozilla/5.0 (Windows NT 6.1; WOW64; rv:50.0) Gecko/20100101 Firefox/50.0","modules/t01.html,modules/t02.html,modules/t03.html,modules/t04.html,modules/t05.html,modules/t06.html,modules/t07.html,modules/t08.html,modules/t09.html,modules/t10.html,modules/t11.html","modules/t01.html","86527","[true,false,false,true]","[true,true,false,true]","0.75","true","This was very confusing. I feel like some of the school ones were not right, or maybe I really didn't understand.  Like in the first few a professor had to have a title, later on it said the professor was someone with no title, but it was supposed to be consistant."
"A3HNPSPTA0NIR6","iwi5pkl5","Mozilla/5.0 (Windows NT 10.0; WOW64; rv:50.0) Gecko/20100101 Firefox/50.0","modules/t01.html,modules/t02.html,modules/t03.html,modules/t04.html,modules/t05.html,modules/t06.html,modules/t07.html,modules/t08.html,modules/t09.html,modules/t10.html,modules/t11.html","modules/t01.html","139594","[true,false,false,true]","[true,true,true,true]","0.5","true","Confusing that I click twice to get green to change to red.  "
"ATJFUHXPYHISH","iwi4oqp4","Mozilla/5.0 (Windows NT 6.1; WOW64; rv:50.0) Gecko/20100101 Firefox/50.0","modules/t01.html,modules/t02.html,modules/t03.html,modules/t04.html,modules/t05.html,modules/t06.html,modules/t07.html,modules/t08.html,modules/t09.html,modules/t10.html,modules/t11.html","modules/t01.html","83701","[true,false,false,true]","[true,true,true,true]","0.5","true","I didn't do to well with all the logic problems, thats never been my strong point.  "
"A3T9C1USL4V4IJ","iwi5s1zh","Mozilla/5.0 (Windows NT 6.1; WOW64) AppleWebKit/537.36 (KHTML, like Gecko) Chrome/54.0.2840.99 Safari/537.36","modules/t01.html,modules/t02.html,modules/t03.html,modules/t04.html,modules/t05.html,modules/t06.html,modules/t07.html,modules/t08.html,modules/t09.html,modules/t10.html,modules/t11.html","modules/t01.html","77558","[true,false,false,true]","[true,false,false,true]","1","true","this was difficult and hurt my brain but it was fun"
"A248TO3PTV0K5P","iwi5lzaa","Mozilla/5.0 (Windows NT 5.1) AppleWebKit/537.36 (KHTML, like Gecko) Chrome/49.0.2623.112 Safari/537.36","modules/t01.html,modules/t02.html,modules/t03.html,modules/t04.html,modules/t05.html,modules/t06.html,modules/t07.html,modules/t08.html,modules/t09.html,modules/t10.html,modules/t11.html","modules/t01.html","147853","[true,false,false,true]","[false,false,false,true]","0.75","true","nice survey "
"workerId","postId","userAgent","experimentID","taskID","modules/t02.html_time","modules/t02.html_answers","modules/t02.html_responses","modules/t02.html_grade","modules/t02.html_exitq","q1"
"A3NBOAYT9H3LO0","iwi5u45z","Mozilla/5.0 (Windows NT 6.1) AppleWebKit/537.36 (KHTML, like Gecko) Chrome/54.0.2840.99 Safari/537.36","modules/t01.html,modules/t02.html,modules/t03.html,modules/t04.html,modules/t05.html,modules/t06.html,modules/t07.html,modules/t08.html,modules/t09.html,modules/t10.html,modules/t11.html","modules/t02.html","30743","[false,true,true,false]","[false,true,true,true]","0.75","true","I really struggled with comprehending all of the different rules. "
"AGMJL8K9OMU64","iwi5oh9f","Mozilla/5.0 (Macintosh; Intel Mac OS X 10_11_1) AppleWebKit/537.36 (KHTML, like Gecko) Chrome/54.0.2840.98 Safari/537.36","modules/t01.html,modules/t02.html,modules/t03.html,modules/t04.html,modules/t05.html,modules/t06.html,modules/t07.html,modules/t08.html,modules/t09.html,modules/t10.html,modules/t11.html","modules/t02.html","94584","[false,true,true,false]","[false,true,true,false]","1","true","It was difficult to prioritize the list in a way that made it easy to eliminate issues."
"A320QA9HJFUOZO","iwi8uer7","Mozilla/5.0 (Windows NT 6.1; WOW64) AppleWebKit/537.36 (KHTML, like Gecko) Chrome/54.0.2840.99 Safari/537.36","modules/t01.html,modules/t02.html,modules/t03.html,modules/t04.html,modules/t05.html,modules/t06.html,modules/t07.html,modules/t08.html,modules/t09.html,modules/t10.html,modules/t11.html","modules/t02.html","128880","[false,true,true,false]","[false,false,true,true]","0.5","true","There was one I thought I got right and am confused how I got it wrong. The conditions stated ""For each class, only students can be assistants""  3rd set on the page - ""Jessica is a professor""  ""Jessica is an assistant"" - Marked it red b/c Jessica was a professor AND assistant, and only students can be assistants. This could be possible if professors of other classes were allowed to be assistants in classes they did not teach, but the conditions did not specify that. \nAnyway, it was mildly interesting, thanks. \nAlso, I don't see a code below, but hopefully one will be shown after pressing submit."
"A2F79GFUWU5O96","iwi5wx8n","Mozilla/5.0 (Windows NT 6.3; WOW64) AppleWebKit/537.36 (KHTML, like Gecko) Chrome/54.0.2840.99 Safari/537.36","modules/t01.html,modules/t02.html,modules/t03.html,modules/t04.html,modules/t05.html,modules/t06.html,modules/t07.html,modules/t08.html,modules/t09.html,modules/t10.html,modules/t11.html","modules/t02.html","53201","[false,true,true,false]","[true,true,true,true]","0.5","true","I don't see a survey code. It just says, ""Please copy and paste the following code back on Mechanical Turk before closing this window:   ""\n\nMy worker id is: A2F79GFUWU5O96"
"debug","iwi3r8au","Mozilla/5.0 (X11; Ubuntu; Linux x86_64; rv:50.0) Gecko/20100101 Firefox/50.0","modules/t01.html,modules/t02.html,modules/t03.html,modules/t04.html,modules/t05.html,modules/t06.html,modules/t07.html,modules/t08.html,modules/t09.html,modules/t10.html,modules/t11.html","modules/t02.html","2078","[false,true,true,false]","[true,true,true,true]","0.5","true","foobar"
"A1A7P5LC80G47W","iwi5jv1h","Mozilla/5.0 (Windows NT 6.1; WOW64; rv:50.0) Gecko/20100101 Firefox/50.0","modules/t01.html,modules/t02.html,modules/t03.html,modules/t04.html,modules/t05.html,modules/t06.html,modules/t07.html,modules/t08.html,modules/t09.html,modules/t10.html,modules/t11.html","modules/t02.html","37677","[false,true,true,false]","[true,true,true,true]","0.5","false","This was very confusing. I feel like some of the school ones were not right, or maybe I really didn't understand.  Like in the first few a professor had to have a title, later on it said the professor was someone with no title, but it was supposed to be consistant."
"A3HNPSPTA0NIR6","iwi5pkl5","Mozilla/5.0 (Windows NT 10.0; WOW64; rv:50.0) Gecko/20100101 Firefox/50.0","modules/t01.html,modules/t02.html,modules/t03.html,modules/t04.html,modules/t05.html,modules/t06.html,modules/t07.html,modules/t08.html,modules/t09.html,modules/t10.html,modules/t11.html","modules/t02.html","103668","[false,true,true,false]","[true,true,true,true]","0.5","true","Confusing that I click twice to get green to change to red.  "
"ATJFUHXPYHISH","iwi4oqp4","Mozilla/5.0 (Windows NT 6.1; WOW64; rv:50.0) Gecko/20100101 Firefox/50.0","modules/t01.html,modules/t02.html,modules/t03.html,modules/t04.html,modules/t05.html,modules/t06.html,modules/t07.html,modules/t08.html,modules/t09.html,modules/t10.html,modules/t11.html","modules/t02.html","36836","[false,true,true,false]","[true,true,true,true]","0.5","true","I didn't do to well with all the logic problems, thats never been my strong point.  "
"A3T9C1USL4V4IJ","iwi5s1zh","Mozilla/5.0 (Windows NT 6.1; WOW64) AppleWebKit/537.36 (KHTML, like Gecko) Chrome/54.0.2840.99 Safari/537.36","modules/t01.html,modules/t02.html,modules/t03.html,modules/t04.html,modules/t05.html,modules/t06.html,modules/t07.html,modules/t08.html,modules/t09.html,modules/t10.html,modules/t11.html","modules/t02.html","61337","[false,true,true,false]","[true,true,true,true]","0.5","false","this was difficult and hurt my brain but it was fun"
"A248TO3PTV0K5P","iwi5lzaa","Mozilla/5.0 (Windows NT 5.1) AppleWebKit/537.36 (KHTML, like Gecko) Chrome/49.0.2623.112 Safari/537.36","modules/t01.html,modules/t02.html,modules/t03.html,modules/t04.html,modules/t05.html,modules/t06.html,modules/t07.html,modules/t08.html,modules/t09.html,modules/t10.html,modules/t11.html","modules/t02.html","33938","[false,true,true,false]","[true,false,false,true]","0","true","nice survey "
"workerId","postId","userAgent","experimentID","taskID","modules/t03.html_time","modules/t03.html_answers","modules/t03.html_responses","modules/t03.html_grade","modules/t03.html_exitq","q1"
"A3NBOAYT9H3LO0","iwi5u45z","Mozilla/5.0 (Windows NT 6.1) AppleWebKit/537.36 (KHTML, like Gecko) Chrome/54.0.2840.99 Safari/537.36","modules/t01.html,modules/t02.html,modules/t03.html,modules/t04.html,modules/t05.html,modules/t06.html,modules/t07.html,modules/t08.html,modules/t09.html,modules/t10.html,modules/t11.html","modules/t03.html","32485","[true,false,true,false]","[true,false,false,false]","0.75","true","I really struggled with comprehending all of the different rules. "
"AGMJL8K9OMU64","iwi5oh9f","Mozilla/5.0 (Macintosh; Intel Mac OS X 10_11_1) AppleWebKit/537.36 (KHTML, like Gecko) Chrome/54.0.2840.98 Safari/537.36","modules/t01.html,modules/t02.html,modules/t03.html,modules/t04.html,modules/t05.html,modules/t06.html,modules/t07.html,modules/t08.html,modules/t09.html,modules/t10.html,modules/t11.html","modules/t03.html","14441","[true,false,true,false]","[true,false,true,false]","1","true","It was difficult to prioritize the list in a way that made it easy to eliminate issues."
"A320QA9HJFUOZO","iwi8uer7","Mozilla/5.0 (Windows NT 6.1; WOW64) AppleWebKit/537.36 (KHTML, like Gecko) Chrome/54.0.2840.99 Safari/537.36","modules/t01.html,modules/t02.html,modules/t03.html,modules/t04.html,modules/t05.html,modules/t06.html,modules/t07.html,modules/t08.html,modules/t09.html,modules/t10.html,modules/t11.html","modules/t03.html","34496","[true,false,true,false]","[true,false,true,false]","1","true","There was one I thought I got right and am confused how I got it wrong. The conditions stated ""For each class, only students can be assistants""  3rd set on the page - ""Jessica is a professor""  ""Jessica is an assistant"" - Marked it red b/c Jessica was a professor AND assistant, and only students can be assistants. This could be possible if professors of other classes were allowed to be assistants in classes they did not teach, but the conditions did not specify that. \nAnyway, it was mildly interesting, thanks. \nAlso, I don't see a code below, but hopefully one will be shown after pressing submit."
"A2F79GFUWU5O96","iwi5wx8n","Mozilla/5.0 (Windows NT 6.3; WOW64) AppleWebKit/537.36 (KHTML, like Gecko) Chrome/54.0.2840.99 Safari/537.36","modules/t01.html,modules/t02.html,modules/t03.html,modules/t04.html,modules/t05.html,modules/t06.html,modules/t07.html,modules/t08.html,modules/t09.html,modules/t10.html,modules/t11.html","modules/t03.html","75569","[true,false,true,false]","[true,false,true,false]","1","true","I don't see a survey code. It just says, ""Please copy and paste the following code back on Mechanical Turk before closing this window:   ""\n\nMy worker id is: A2F79GFUWU5O96"
"debug","iwi3r8au","Mozilla/5.0 (X11; Ubuntu; Linux x86_64; rv:50.0) Gecko/20100101 Firefox/50.0","modules/t01.html,modules/t02.html,modules/t03.html,modules/t04.html,modules/t05.html,modules/t06.html,modules/t07.html,modules/t08.html,modules/t09.html,modules/t10.html,modules/t11.html","modules/t03.html","2333","[true,false,true,false]","[true,true,true,true]","0.5","true","foobar"
"A1A7P5LC80G47W","iwi5jv1h","Mozilla/5.0 (Windows NT 6.1; WOW64; rv:50.0) Gecko/20100101 Firefox/50.0","modules/t01.html,modules/t02.html,modules/t03.html,modules/t04.html,modules/t05.html,modules/t06.html,modules/t07.html,modules/t08.html,modules/t09.html,modules/t10.html,modules/t11.html","modules/t03.html","57622","[true,false,true,false]","[false,false,true,false]","0.75","true","This was very confusing. I feel like some of the school ones were not right, or maybe I really didn't understand.  Like in the first few a professor had to have a title, later on it said the professor was someone with no title, but it was supposed to be consistant."
"A3HNPSPTA0NIR6","iwi5pkl5","Mozilla/5.0 (Windows NT 10.0; WOW64; rv:50.0) Gecko/20100101 Firefox/50.0","modules/t01.html,modules/t02.html,modules/t03.html,modules/t04.html,modules/t05.html,modules/t06.html,modules/t07.html,modules/t08.html,modules/t09.html,modules/t10.html,modules/t11.html","modules/t03.html","97771","[true,false,true,false]","[true,false,false,false]","0.75","true","Confusing that I click twice to get green to change to red.  "
"ATJFUHXPYHISH","iwi4oqp4","Mozilla/5.0 (Windows NT 6.1; WOW64; rv:50.0) Gecko/20100101 Firefox/50.0","modules/t01.html,modules/t02.html,modules/t03.html,modules/t04.html,modules/t05.html,modules/t06.html,modules/t07.html,modules/t08.html,modules/t09.html,modules/t10.html,modules/t11.html","modules/t03.html","431864","[true,false,true,false]","[true,false,false,false]","0.75","true","I didn't do to well with all the logic problems, thats never been my strong point.  "
"A3T9C1USL4V4IJ","iwi5s1zh","Mozilla/5.0 (Windows NT 6.1; WOW64) AppleWebKit/537.36 (KHTML, like Gecko) Chrome/54.0.2840.99 Safari/537.36","modules/t01.html,modules/t02.html,modules/t03.html,modules/t04.html,modules/t05.html,modules/t06.html,modules/t07.html,modules/t08.html,modules/t09.html,modules/t10.html,modules/t11.html","modules/t03.html","36809","[true,false,true,false]","[true,false,false,true]","0.5","true","this was difficult and hurt my brain but it was fun"
"A248TO3PTV0K5P","iwi5lzaa","Mozilla/5.0 (Windows NT 5.1) AppleWebKit/537.36 (KHTML, like Gecko) Chrome/49.0.2623.112 Safari/537.36","modules/t01.html,modules/t02.html,modules/t03.html,modules/t04.html,modules/t05.html,modules/t06.html,modules/t07.html,modules/t08.html,modules/t09.html,modules/t10.html,modules/t11.html","modules/t03.html","60922","[true,false,true,false]","[true,false,true,false]","1","true","nice survey "
"workerId","postId","userAgent","experimentID","taskID","modules/t04.html_time","modules/t04.html_answers","modules/t04.html_responses","modules/t04.html_grade","modules/t04.html_exitq","q1"
"A3NBOAYT9H3LO0","iwi5u45z","Mozilla/5.0 (Windows NT 6.1) AppleWebKit/537.36 (KHTML, like Gecko) Chrome/54.0.2840.99 Safari/537.36","modules/t01.html,modules/t02.html,modules/t03.html,modules/t04.html,modules/t05.html,modules/t06.html,modules/t07.html,modules/t08.html,modules/t09.html,modules/t10.html,modules/t11.html","modules/t04.html","32469","[true,true,false,true]","[true,false,false,false]","0.5","true","I really struggled with comprehending all of the different rules. "
"AGMJL8K9OMU64","iwi5oh9f","Mozilla/5.0 (Macintosh; Intel Mac OS X 10_11_1) AppleWebKit/537.36 (KHTML, like Gecko) Chrome/54.0.2840.98 Safari/537.36","modules/t01.html,modules/t02.html,modules/t03.html,modules/t04.html,modules/t05.html,modules/t06.html,modules/t07.html,modules/t08.html,modules/t09.html,modules/t10.html,modules/t11.html","modules/t04.html","76640","[true,true,false,true]","[true,true,false,true]","1","true","It was difficult to prioritize the list in a way that made it easy to eliminate issues."
"A320QA9HJFUOZO","iwi8uer7","Mozilla/5.0 (Windows NT 6.1; WOW64) AppleWebKit/537.36 (KHTML, like Gecko) Chrome/54.0.2840.99 Safari/537.36","modules/t01.html,modules/t02.html,modules/t03.html,modules/t04.html,modules/t05.html,modules/t06.html,modules/t07.html,modules/t08.html,modules/t09.html,modules/t10.html,modules/t11.html","modules/t04.html","37913","[true,true,false,true]","[true,false,false,true]","0.75","true","There was one I thought I got right and am confused how I got it wrong. The conditions stated ""For each class, only students can be assistants""  3rd set on the page - ""Jessica is a professor""  ""Jessica is an assistant"" - Marked it red b/c Jessica was a professor AND assistant, and only students can be assistants. This could be possible if professors of other classes were allowed to be assistants in classes they did not teach, but the conditions did not specify that. \nAnyway, it was mildly interesting, thanks. \nAlso, I don't see a code below, but hopefully one will be shown after pressing submit."
"A2F79GFUWU5O96","iwi5wx8n","Mozilla/5.0 (Windows NT 6.3; WOW64) AppleWebKit/537.36 (KHTML, like Gecko) Chrome/54.0.2840.99 Safari/537.36","modules/t01.html,modules/t02.html,modules/t03.html,modules/t04.html,modules/t05.html,modules/t06.html,modules/t07.html,modules/t08.html,modules/t09.html,modules/t10.html,modules/t11.html","modules/t04.html","51353","[true,true,false,true]","[true,true,false,true]","1","true","I don't see a survey code. It just says, ""Please copy and paste the following code back on Mechanical Turk before closing this window:   ""\n\nMy worker id is: A2F79GFUWU5O96"
"debug","iwi3r8au","Mozilla/5.0 (X11; Ubuntu; Linux x86_64; rv:50.0) Gecko/20100101 Firefox/50.0","modules/t01.html,modules/t02.html,modules/t03.html,modules/t04.html,modules/t05.html,modules/t06.html,modules/t07.html,modules/t08.html,modules/t09.html,modules/t10.html,modules/t11.html","modules/t04.html","3557","[true,true,false,true]","[true,true,true,true]","0.75","true","foobar"
"A1A7P5LC80G47W","iwi5jv1h","Mozilla/5.0 (Windows NT 6.1; WOW64; rv:50.0) Gecko/20100101 Firefox/50.0","modules/t01.html,modules/t02.html,modules/t03.html,modules/t04.html,modules/t05.html,modules/t06.html,modules/t07.html,modules/t08.html,modules/t09.html,modules/t10.html,modules/t11.html","modules/t04.html","51876","[true,true,false,true]","[true,true,true,true]","0.75","true","This was very confusing. I feel like some of the school ones were not right, or maybe I really didn't understand.  Like in the first few a professor had to have a title, later on it said the professor was someone with no title, but it was supposed to be consistant."
"A3HNPSPTA0NIR6","iwi5pkl5","Mozilla/5.0 (Windows NT 10.0; WOW64; rv:50.0) Gecko/20100101 Firefox/50.0","modules/t01.html,modules/t02.html,modules/t03.html,modules/t04.html,modules/t05.html,modules/t06.html,modules/t07.html,modules/t08.html,modules/t09.html,modules/t10.html,modules/t11.html","modules/t04.html","75554","[true,true,false,true]","[true,true,false,true]","1","true","Confusing that I click twice to get green to change to red.  "
"ATJFUHXPYHISH","iwi4oqp4","Mozilla/5.0 (Windows NT 6.1; WOW64; rv:50.0) Gecko/20100101 Firefox/50.0","modules/t01.html,modules/t02.html,modules/t03.html,modules/t04.html,modules/t05.html,modules/t06.html,modules/t07.html,modules/t08.html,modules/t09.html,modules/t10.html,modules/t11.html","modules/t04.html","10184","[true,true,false,true]","[true,true,true,true]","0.75","true","I didn't do to well with all the logic problems, thats never been my strong point.  "
"A3T9C1USL4V4IJ","iwi5s1zh","Mozilla/5.0 (Windows NT 6.1; WOW64) AppleWebKit/537.36 (KHTML, like Gecko) Chrome/54.0.2840.99 Safari/537.36","modules/t01.html,modules/t02.html,modules/t03.html,modules/t04.html,modules/t05.html,modules/t06.html,modules/t07.html,modules/t08.html,modules/t09.html,modules/t10.html,modules/t11.html","modules/t04.html","37217","[true,true,false,true]","[false,false,false,true]","0.5","true","this was difficult and hurt my brain but it was fun"
"A248TO3PTV0K5P","iwi5lzaa","Mozilla/5.0 (Windows NT 5.1) AppleWebKit/537.36 (KHTML, like Gecko) Chrome/49.0.2623.112 Safari/537.36","modules/t01.html,modules/t02.html,modules/t03.html,modules/t04.html,modules/t05.html,modules/t06.html,modules/t07.html,modules/t08.html,modules/t09.html,modules/t10.html,modules/t11.html","modules/t04.html","37562","[true,true,false,true]","[false,false,false,true]","0.5","true","nice survey "
"workerId","postId","userAgent","experimentID","taskID","modules/t05.html_time","modules/t05.html_answers","modules/t05.html_responses","modules/t05.html_grade","modules/t05.html_exitq","q1"
"A3NBOAYT9H3LO0","iwi5u45z","Mozilla/5.0 (Windows NT 6.1) AppleWebKit/537.36 (KHTML, like Gecko) Chrome/54.0.2840.99 Safari/537.36","modules/t01.html,modules/t02.html,modules/t03.html,modules/t04.html,modules/t05.html,modules/t06.html,modules/t07.html,modules/t08.html,modules/t09.html,modules/t10.html,modules/t11.html","modules/t05.html","45299","[false,false,true,true]","[false,false,true,true]","1","true","I really struggled with comprehending all of the different rules. "
"AGMJL8K9OMU64","iwi5oh9f","Mozilla/5.0 (Macintosh; Intel Mac OS X 10_11_1) AppleWebKit/537.36 (KHTML, like Gecko) Chrome/54.0.2840.98 Safari/537.36","modules/t01.html,modules/t02.html,modules/t03.html,modules/t04.html,modules/t05.html,modules/t06.html,modules/t07.html,modules/t08.html,modules/t09.html,modules/t10.html,modules/t11.html","modules/t05.html","23665","[false,false,true,true]","[false,false,true,true]","1","true","It was difficult to prioritize the list in a way that made it easy to eliminate issues."
"A320QA9HJFUOZO","iwi8uer7","Mozilla/5.0 (Windows NT 6.1; WOW64) AppleWebKit/537.36 (KHTML, like Gecko) Chrome/54.0.2840.99 Safari/537.36","modules/t01.html,modules/t02.html,modules/t03.html,modules/t04.html,modules/t05.html,modules/t06.html,modules/t07.html,modules/t08.html,modules/t09.html,modules/t10.html,modules/t11.html","modules/t05.html","79261","[false,false,true,true]","[false,false,true,false]","0.75","true","There was one I thought I got right and am confused how I got it wrong. The conditions stated ""For each class, only students can be assistants""  3rd set on the page - ""Jessica is a professor""  ""Jessica is an assistant"" - Marked it red b/c Jessica was a professor AND assistant, and only students can be assistants. This could be possible if professors of other classes were allowed to be assistants in classes they did not teach, but the conditions did not specify that. \nAnyway, it was mildly interesting, thanks. \nAlso, I don't see a code below, but hopefully one will be shown after pressing submit."
"A2F79GFUWU5O96","iwi5wx8n","Mozilla/5.0 (Windows NT 6.3; WOW64) AppleWebKit/537.36 (KHTML, like Gecko) Chrome/54.0.2840.99 Safari/537.36","modules/t01.html,modules/t02.html,modules/t03.html,modules/t04.html,modules/t05.html,modules/t06.html,modules/t07.html,modules/t08.html,modules/t09.html,modules/t10.html,modules/t11.html","modules/t05.html","69859","[false,false,true,true]","[false,false,true,true]","1","true","I don't see a survey code. It just says, ""Please copy and paste the following code back on Mechanical Turk before closing this window:   ""\n\nMy worker id is: A2F79GFUWU5O96"
"debug","iwi3r8au","Mozilla/5.0 (X11; Ubuntu; Linux x86_64; rv:50.0) Gecko/20100101 Firefox/50.0","modules/t01.html,modules/t02.html,modules/t03.html,modules/t04.html,modules/t05.html,modules/t06.html,modules/t07.html,modules/t08.html,modules/t09.html,modules/t10.html,modules/t11.html","modules/t05.html","2948","[false,false,true,true]","[true,true,true,true]","0.5","true","foobar"
"A1A7P5LC80G47W","iwi5jv1h","Mozilla/5.0 (Windows NT 6.1; WOW64; rv:50.0) Gecko/20100101 Firefox/50.0","modules/t01.html,modules/t02.html,modules/t03.html,modules/t04.html,modules/t05.html,modules/t06.html,modules/t07.html,modules/t08.html,modules/t09.html,modules/t10.html,modules/t11.html","modules/t05.html","73500","[false,false,true,true]","[true,true,true,false]","0.25","false","This was very confusing. I feel like some of the school ones were not right, or maybe I really didn't understand.  Like in the first few a professor had to have a title, later on it said the professor was someone with no title, but it was supposed to be consistant."
"A3HNPSPTA0NIR6","iwi5pkl5","Mozilla/5.0 (Windows NT 10.0; WOW64; rv:50.0) Gecko/20100101 Firefox/50.0","modules/t01.html,modules/t02.html,modules/t03.html,modules/t04.html,modules/t05.html,modules/t06.html,modules/t07.html,modules/t08.html,modules/t09.html,modules/t10.html,modules/t11.html","modules/t05.html","53709","[false,false,true,true]","[true,true,true,true]","0.5","false","Confusing that I click twice to get green to change to red.  "
"ATJFUHXPYHISH","iwi4oqp4","Mozilla/5.0 (Windows NT 6.1; WOW64; rv:50.0) Gecko/20100101 Firefox/50.0","modules/t01.html,modules/t02.html,modules/t03.html,modules/t04.html,modules/t05.html,modules/t06.html,modules/t07.html,modules/t08.html,modules/t09.html,modules/t10.html,modules/t11.html","modules/t05.html","7792","[false,false,true,true]","[true,true,true,true]","0.5","true","I didn't do to well with all the logic problems, thats never been my strong point.  "
"A3T9C1USL4V4IJ","iwi5s1zh","Mozilla/5.0 (Windows NT 6.1; WOW64) AppleWebKit/537.36 (KHTML, like Gecko) Chrome/54.0.2840.99 Safari/537.36","modules/t01.html,modules/t02.html,modules/t03.html,modules/t04.html,modules/t05.html,modules/t06.html,modules/t07.html,modules/t08.html,modules/t09.html,modules/t10.html,modules/t11.html","modules/t05.html","77649","[false,false,true,true]","[false,false,true,true]","1","true","this was difficult and hurt my brain but it was fun"
"A248TO3PTV0K5P","iwi5lzaa","Mozilla/5.0 (Windows NT 5.1) AppleWebKit/537.36 (KHTML, like Gecko) Chrome/49.0.2623.112 Safari/537.36","modules/t01.html,modules/t02.html,modules/t03.html,modules/t04.html,modules/t05.html,modules/t06.html,modules/t07.html,modules/t08.html,modules/t09.html,modules/t10.html,modules/t11.html","modules/t05.html","59434","[false,false,true,true]","[true,true,false,false]","0","true","nice survey "
"workerId","postId","userAgent","experimentID","taskID","modules/t06.html_time","modules/t06.html_answers","modules/t06.html_responses","modules/t06.html_grade","modules/t06.html_exitq","q1"
"A3NBOAYT9H3LO0","iwi5u45z","Mozilla/5.0 (Windows NT 6.1) AppleWebKit/537.36 (KHTML, like Gecko) Chrome/54.0.2840.99 Safari/537.36","modules/t01.html,modules/t02.html,modules/t03.html,modules/t04.html,modules/t05.html,modules/t06.html,modules/t07.html,modules/t08.html,modules/t09.html,modules/t10.html,modules/t11.html","modules/t06.html","31937","[true,false,true,false]","[false,false,false,false]","0.5","true","I really struggled with comprehending all of the different rules. "
"AGMJL8K9OMU64","iwi5oh9f","Mozilla/5.0 (Macintosh; Intel Mac OS X 10_11_1) AppleWebKit/537.36 (KHTML, like Gecko) Chrome/54.0.2840.98 Safari/537.36","modules/t01.html,modules/t02.html,modules/t03.html,modules/t04.html,modules/t05.html,modules/t06.html,modules/t07.html,modules/t08.html,modules/t09.html,modules/t10.html,modules/t11.html","modules/t06.html","22278","[true,false,true,false]","[true,false,true,false]","1","true","It was difficult to prioritize the list in a way that made it easy to eliminate issues."
"A320QA9HJFUOZO","iwi8uer7","Mozilla/5.0 (Windows NT 6.1; WOW64) AppleWebKit/537.36 (KHTML, like Gecko) Chrome/54.0.2840.99 Safari/537.36","modules/t01.html,modules/t02.html,modules/t03.html,modules/t04.html,modules/t05.html,modules/t06.html,modules/t07.html,modules/t08.html,modules/t09.html,modules/t10.html,modules/t11.html","modules/t06.html","43245","[true,false,true,false]","[true,false,false,false]","0.75","true","There was one I thought I got right and am confused how I got it wrong. The conditions stated ""For each class, only students can be assistants""  3rd set on the page - ""Jessica is a professor""  ""Jessica is an assistant"" - Marked it red b/c Jessica was a professor AND assistant, and only students can be assistants. This could be possible if professors of other classes were allowed to be assistants in classes they did not teach, but the conditions did not specify that. \nAnyway, it was mildly interesting, thanks. \nAlso, I don't see a code below, but hopefully one will be shown after pressing submit."
"A2F79GFUWU5O96","iwi5wx8n","Mozilla/5.0 (Windows NT 6.3; WOW64) AppleWebKit/537.36 (KHTML, like Gecko) Chrome/54.0.2840.99 Safari/537.36","modules/t01.html,modules/t02.html,modules/t03.html,modules/t04.html,modules/t05.html,modules/t06.html,modules/t07.html,modules/t08.html,modules/t09.html,modules/t10.html,modules/t11.html","modules/t06.html","45966","[true,false,true,false]","[true,false,false,false]","0.75","true","I don't see a survey code. It just says, ""Please copy and paste the following code back on Mechanical Turk before closing this window:   ""\n\nMy worker id is: A2F79GFUWU5O96"
"debug","iwi3r8au","Mozilla/5.0 (X11; Ubuntu; Linux x86_64; rv:50.0) Gecko/20100101 Firefox/50.0","modules/t01.html,modules/t02.html,modules/t03.html,modules/t04.html,modules/t05.html,modules/t06.html,modules/t07.html,modules/t08.html,modules/t09.html,modules/t10.html,modules/t11.html","modules/t06.html","3900","[true,false,true,false]","[true,true,true,true]","0.5","true","foobar"
"A1A7P5LC80G47W","iwi5jv1h","Mozilla/5.0 (Windows NT 6.1; WOW64; rv:50.0) Gecko/20100101 Firefox/50.0","modules/t01.html,modules/t02.html,modules/t03.html,modules/t04.html,modules/t05.html,modules/t06.html,modules/t07.html,modules/t08.html,modules/t09.html,modules/t10.html,modules/t11.html","modules/t06.html","56124","[true,false,true,false]","[true,false,false,false]","0.75","false","This was very confusing. I feel like some of the school ones were not right, or maybe I really didn't understand.  Like in the first few a professor had to have a title, later on it said the professor was someone with no title, but it was supposed to be consistant."
"A3HNPSPTA0NIR6","iwi5pkl5","Mozilla/5.0 (Windows NT 10.0; WOW64; rv:50.0) Gecko/20100101 Firefox/50.0","modules/t01.html,modules/t02.html,modules/t03.html,modules/t04.html,modules/t05.html,modules/t06.html,modules/t07.html,modules/t08.html,modules/t09.html,modules/t10.html,modules/t11.html","modules/t06.html","53863","[true,false,true,false]","[true,true,false,false]","0.5","true","Confusing that I click twice to get green to change to red.  "
"ATJFUHXPYHISH","iwi4oqp4","Mozilla/5.0 (Windows NT 6.1; WOW64; rv:50.0) Gecko/20100101 Firefox/50.0","modules/t01.html,modules/t02.html,modules/t03.html,modules/t04.html,modules/t05.html,modules/t06.html,modules/t07.html,modules/t08.html,modules/t09.html,modules/t10.html,modules/t11.html","modules/t06.html","5937","[true,false,true,false]","[true,true,true,true]","0.5","true","I didn't do to well with all the logic problems, thats never been my strong point.  "
"A3T9C1USL4V4IJ","iwi5s1zh","Mozilla/5.0 (Windows NT 6.1; WOW64) AppleWebKit/537.36 (KHTML, like Gecko) Chrome/54.0.2840.99 Safari/537.36","modules/t01.html,modules/t02.html,modules/t03.html,modules/t04.html,modules/t05.html,modules/t06.html,modules/t07.html,modules/t08.html,modules/t09.html,modules/t10.html,modules/t11.html","modules/t06.html","82776","[true,false,true,false]","[true,false,true,false]","1","true","this was difficult and hurt my brain but it was fun"
"A248TO3PTV0K5P","iwi5lzaa","Mozilla/5.0 (Windows NT 5.1) AppleWebKit/537.36 (KHTML, like Gecko) Chrome/49.0.2623.112 Safari/537.36","modules/t01.html,modules/t02.html,modules/t03.html,modules/t04.html,modules/t05.html,modules/t06.html,modules/t07.html,modules/t08.html,modules/t09.html,modules/t10.html,modules/t11.html","modules/t06.html","10076","[true,false,true,false]","[true,false,true,false]","1","true","nice survey "
"workerId","postId","userAgent","experimentID","taskID","modules/t07.html_time","modules/t07.html_answers","modules/t07.html_responses","modules/t07.html_grade","modules/t07.html_exitq","q1"
"A3NBOAYT9H3LO0","iwi5u45z","Mozilla/5.0 (Windows NT 6.1) AppleWebKit/537.36 (KHTML, like Gecko) Chrome/54.0.2840.99 Safari/537.36","modules/t01.html,modules/t02.html,modules/t03.html,modules/t04.html,modules/t05.html,modules/t06.html,modules/t07.html,modules/t08.html,modules/t09.html,modules/t10.html,modules/t11.html","modules/t07.html","19708","[false,true,false,true]","[false,true,false,true]","1","true","I really struggled with comprehending all of the different rules. "
"AGMJL8K9OMU64","iwi5oh9f","Mozilla/5.0 (Macintosh; Intel Mac OS X 10_11_1) AppleWebKit/537.36 (KHTML, like Gecko) Chrome/54.0.2840.98 Safari/537.36","modules/t01.html,modules/t02.html,modules/t03.html,modules/t04.html,modules/t05.html,modules/t06.html,modules/t07.html,modules/t08.html,modules/t09.html,modules/t10.html,modules/t11.html","modules/t07.html","22781","[false,true,false,true]","[false,true,false,true]","1","true","It was difficult to prioritize the list in a way that made it easy to eliminate issues."
"A320QA9HJFUOZO","iwi8uer7","Mozilla/5.0 (Windows NT 6.1; WOW64) AppleWebKit/537.36 (KHTML, like Gecko) Chrome/54.0.2840.99 Safari/537.36","modules/t01.html,modules/t02.html,modules/t03.html,modules/t04.html,modules/t05.html,modules/t06.html,modules/t07.html,modules/t08.html,modules/t09.html,modules/t10.html,modules/t11.html","modules/t07.html","30990","[false,true,false,true]","[false,true,false,true]","1","true","There was one I thought I got right and am confused how I got it wrong. The conditions stated ""For each class, only students can be assistants""  3rd set on the page - ""Jessica is a professor""  ""Jessica is an assistant"" - Marked it red b/c Jessica was a professor AND assistant, and only students can be assistants. This could be possible if professors of other classes were allowed to be assistants in classes they did not teach, but the conditions did not specify that. \nAnyway, it was mildly interesting, thanks. \nAlso, I don't see a code below, but hopefully one will be shown after pressing submit."
"A2F79GFUWU5O96","iwi5wx8n","Mozilla/5.0 (Windows NT 6.3; WOW64) AppleWebKit/537.36 (KHTML, like Gecko) Chrome/54.0.2840.99 Safari/537.36","modules/t01.html,modules/t02.html,modules/t03.html,modules/t04.html,modules/t05.html,modules/t06.html,modules/t07.html,modules/t08.html,modules/t09.html,modules/t10.html,modules/t11.html","modules/t07.html","79450","[false,true,false,true]","[true,true,false,true]","0.75","true","I don't see a survey code. It just says, ""Please copy and paste the following code back on Mechanical Turk before closing this window:   ""\n\nMy worker id is: A2F79GFUWU5O96"
"debug","iwi3r8au","Mozilla/5.0 (X11; Ubuntu; Linux x86_64; rv:50.0) Gecko/20100101 Firefox/50.0","modules/t01.html,modules/t02.html,modules/t03.html,modules/t04.html,modules/t05.html,modules/t06.html,modules/t07.html,modules/t08.html,modules/t09.html,modules/t10.html,modules/t11.html","modules/t07.html","3063","[false,true,false,true]","[true,true,true,true]","0.5","true","foobar"
"A1A7P5LC80G47W","iwi5jv1h","Mozilla/5.0 (Windows NT 6.1; WOW64; rv:50.0) Gecko/20100101 Firefox/50.0","modules/t01.html,modules/t02.html,modules/t03.html,modules/t04.html,modules/t05.html,modules/t06.html,modules/t07.html,modules/t08.html,modules/t09.html,modules/t10.html,modules/t11.html","modules/t07.html","33798","[false,true,false,true]","[false,true,false,true]","1","true","This was very confusing. I feel like some of the school ones were not right, or maybe I really didn't understand.  Like in the first few a professor had to have a title, later on it said the professor was someone with no title, but it was supposed to be consistant."
"A3HNPSPTA0NIR6","iwi5pkl5","Mozilla/5.0 (Windows NT 10.0; WOW64; rv:50.0) Gecko/20100101 Firefox/50.0","modules/t01.html,modules/t02.html,modules/t03.html,modules/t04.html,modules/t05.html,modules/t06.html,modules/t07.html,modules/t08.html,modules/t09.html,modules/t10.html,modules/t11.html","modules/t07.html","72434","[false,true,false,true]","[true,false,false,false]","0.25","true","Confusing that I click twice to get green to change to red.  "
"ATJFUHXPYHISH","iwi4oqp4","Mozilla/5.0 (Windows NT 6.1; WOW64; rv:50.0) Gecko/20100101 Firefox/50.0","modules/t01.html,modules/t02.html,modules/t03.html,modules/t04.html,modules/t05.html,modules/t06.html,modules/t07.html,modules/t08.html,modules/t09.html,modules/t10.html,modules/t11.html","modules/t07.html","5820","[false,true,false,true]","[true,true,true,true]","0.5","true","I didn't do to well with all the logic problems, thats never been my strong point.  "
"A3T9C1USL4V4IJ","iwi5s1zh","Mozilla/5.0 (Windows NT 6.1; WOW64) AppleWebKit/537.36 (KHTML, like Gecko) Chrome/54.0.2840.99 Safari/537.36","modules/t01.html,modules/t02.html,modules/t03.html,modules/t04.html,modules/t05.html,modules/t06.html,modules/t07.html,modules/t08.html,modules/t09.html,modules/t10.html,modules/t11.html","modules/t07.html","58687","[false,true,false,true]","[false,true,false,true]","1","true","this was difficult and hurt my brain but it was fun"
"A248TO3PTV0K5P","iwi5lzaa","Mozilla/5.0 (Windows NT 5.1) AppleWebKit/537.36 (KHTML, like Gecko) Chrome/49.0.2623.112 Safari/537.36","modules/t01.html,modules/t02.html,modules/t03.html,modules/t04.html,modules/t05.html,modules/t06.html,modules/t07.html,modules/t08.html,modules/t09.html,modules/t10.html,modules/t11.html","modules/t07.html","6518","[false,true,false,true]","[true,true,false,false]","0.5","true","nice survey "
"workerId","postId","userAgent","experimentID","taskID","modules/t08.html_time","modules/t08.html_answers","modules/t08.html_responses","modules/t08.html_grade","modules/t08.html_exitq","q1"
"A3NBOAYT9H3LO0","iwi5u45z","Mozilla/5.0 (Windows NT 6.1) AppleWebKit/537.36 (KHTML, like Gecko) Chrome/54.0.2840.99 Safari/537.36","modules/t01.html,modules/t02.html,modules/t03.html,modules/t04.html,modules/t05.html,modules/t06.html,modules/t07.html,modules/t08.html,modules/t09.html,modules/t10.html,modules/t11.html","modules/t08.html","33304","[true,false,true,false]","[true,false,true,false]","1","true","I really struggled with comprehending all of the different rules. "
"AGMJL8K9OMU64","iwi5oh9f","Mozilla/5.0 (Macintosh; Intel Mac OS X 10_11_1) AppleWebKit/537.36 (KHTML, like Gecko) Chrome/54.0.2840.98 Safari/537.36","modules/t01.html,modules/t02.html,modules/t03.html,modules/t04.html,modules/t05.html,modules/t06.html,modules/t07.html,modules/t08.html,modules/t09.html,modules/t10.html,modules/t11.html","modules/t08.html","15700","[true,false,true,false]","[true,false,true,false]","1","true","It was difficult to prioritize the list in a way that made it easy to eliminate issues."
"A320QA9HJFUOZO","iwi8uer7","Mozilla/5.0 (Windows NT 6.1; WOW64) AppleWebKit/537.36 (KHTML, like Gecko) Chrome/54.0.2840.99 Safari/537.36","modules/t01.html,modules/t02.html,modules/t03.html,modules/t04.html,modules/t05.html,modules/t06.html,modules/t07.html,modules/t08.html,modules/t09.html,modules/t10.html,modules/t11.html","modules/t08.html","52244","[true,false,true,false]","[true,false,true,false]","1","true","There was one I thought I got right and am confused how I got it wrong. The conditions stated ""For each class, only students can be assistants""  3rd set on the page - ""Jessica is a professor""  ""Jessica is an assistant"" - Marked it red b/c Jessica was a professor AND assistant, and only students can be assistants. This could be possible if professors of other classes were allowed to be assistants in classes they did not teach, but the conditions did not specify that. \nAnyway, it was mildly interesting, thanks. \nAlso, I don't see a code below, but hopefully one will be shown after pressing submit."
"A2F79GFUWU5O96","iwi5wx8n","Mozilla/5.0 (Windows NT 6.3; WOW64) AppleWebKit/537.36 (KHTML, like Gecko) Chrome/54.0.2840.99 Safari/537.36","modules/t01.html,modules/t02.html,modules/t03.html,modules/t04.html,modules/t05.html,modules/t06.html,modules/t07.html,modules/t08.html,modules/t09.html,modules/t10.html,modules/t11.html","modules/t08.html","34458","[true,false,true,false]","[true,false,true,false]","1","true","I don't see a survey code. It just says, ""Please copy and paste the following code back on Mechanical Turk before closing this window:   ""\n\nMy worker id is: A2F79GFUWU5O96"
"debug","iwi3r8au","Mozilla/5.0 (X11; Ubuntu; Linux x86_64; rv:50.0) Gecko/20100101 Firefox/50.0","modules/t01.html,modules/t02.html,modules/t03.html,modules/t04.html,modules/t05.html,modules/t06.html,modules/t07.html,modules/t08.html,modules/t09.html,modules/t10.html,modules/t11.html","modules/t08.html","3254","[true,false,true,false]","[true,true,true,true]","0.5","true","foobar"
"A1A7P5LC80G47W","iwi5jv1h","Mozilla/5.0 (Windows NT 6.1; WOW64; rv:50.0) Gecko/20100101 Firefox/50.0","modules/t01.html,modules/t02.html,modules/t03.html,modules/t04.html,modules/t05.html,modules/t06.html,modules/t07.html,modules/t08.html,modules/t09.html,modules/t10.html,modules/t11.html","modules/t08.html","33314","[true,false,true,false]","[true,false,true,false]","1","true","This was very confusing. I feel like some of the school ones were not right, or maybe I really didn't understand.  Like in the first few a professor had to have a title, later on it said the professor was someone with no title, but it was supposed to be consistant."
"A3HNPSPTA0NIR6","iwi5pkl5","Mozilla/5.0 (Windows NT 10.0; WOW64; rv:50.0) Gecko/20100101 Firefox/50.0","modules/t01.html,modules/t02.html,modules/t03.html,modules/t04.html,modules/t05.html,modules/t06.html,modules/t07.html,modules/t08.html,modules/t09.html,modules/t10.html,modules/t11.html","modules/t08.html","129032","[true,false,true,false]","[false,false,false,true]","0.25","false","Confusing that I click twice to get green to change to red.  "
"ATJFUHXPYHISH","iwi4oqp4","Mozilla/5.0 (Windows NT 6.1; WOW64; rv:50.0) Gecko/20100101 Firefox/50.0","modules/t01.html,modules/t02.html,modules/t03.html,modules/t04.html,modules/t05.html,modules/t06.html,modules/t07.html,modules/t08.html,modules/t09.html,modules/t10.html,modules/t11.html","modules/t08.html","6604","[true,false,true,false]","[true,true,true,true]","0.5","true","I didn't do to well with all the logic problems, thats never been my strong point.  "
"A3T9C1USL4V4IJ","iwi5s1zh","Mozilla/5.0 (Windows NT 6.1; WOW64) AppleWebKit/537.36 (KHTML, like Gecko) Chrome/54.0.2840.99 Safari/537.36","modules/t01.html,modules/t02.html,modules/t03.html,modules/t04.html,modules/t05.html,modules/t06.html,modules/t07.html,modules/t08.html,modules/t09.html,modules/t10.html,modules/t11.html","modules/t08.html","78491","[true,false,true,false]","[true,false,false,false]","0.75","true","this was difficult and hurt my brain but it was fun"
"A248TO3PTV0K5P","iwi5lzaa","Mozilla/5.0 (Windows NT 5.1) AppleWebKit/537.36 (KHTML, like Gecko) Chrome/49.0.2623.112 Safari/537.36","modules/t01.html,modules/t02.html,modules/t03.html,modules/t04.html,modules/t05.html,modules/t06.html,modules/t07.html,modules/t08.html,modules/t09.html,modules/t10.html,modules/t11.html","modules/t08.html","7036","[true,false,true,false]","[false,true,false,true]","0","true","nice survey "
"workerId","postId","userAgent","experimentID","taskID","modules/t09.html_time","modules/t09.html_answers","modules/t09.html_responses","modules/t09.html_grade","modules/t09.html_exitq","q1"
"A3NBOAYT9H3LO0","iwi5u45z","Mozilla/5.0 (Windows NT 6.1) AppleWebKit/537.36 (KHTML, like Gecko) Chrome/54.0.2840.99 Safari/537.36","modules/t01.html,modules/t02.html,modules/t03.html,modules/t04.html,modules/t05.html,modules/t06.html,modules/t07.html,modules/t08.html,modules/t09.html,modules/t10.html,modules/t11.html","modules/t09.html","27150","[true,false,false,true]","[false,true,true,true]","0.25","true","I really struggled with comprehending all of the different rules. "
"AGMJL8K9OMU64","iwi5oh9f","Mozilla/5.0 (Macintosh; Intel Mac OS X 10_11_1) AppleWebKit/537.36 (KHTML, like Gecko) Chrome/54.0.2840.98 Safari/537.36","modules/t01.html,modules/t02.html,modules/t03.html,modules/t04.html,modules/t05.html,modules/t06.html,modules/t07.html,modules/t08.html,modules/t09.html,modules/t10.html,modules/t11.html","modules/t09.html","51975","[true,false,false,true]","[true,true,true,true]","0.5","true","It was difficult to prioritize the list in a way that made it easy to eliminate issues."
"A320QA9HJFUOZO","iwi8uer7","Mozilla/5.0 (Windows NT 6.1; WOW64) AppleWebKit/537.36 (KHTML, like Gecko) Chrome/54.0.2840.99 Safari/537.36","modules/t01.html,modules/t02.html,modules/t03.html,modules/t04.html,modules/t05.html,modules/t06.html,modules/t07.html,modules/t08.html,modules/t09.html,modules/t10.html,modules/t11.html","modules/t09.html","77334","[true,false,false,true]","[true,false,false,false]","0.75","true","There was one I thought I got right and am confused how I got it wrong. The conditions stated ""For each class, only students can be assistants""  3rd set on the page - ""Jessica is a professor""  ""Jessica is an assistant"" - Marked it red b/c Jessica was a professor AND assistant, and only students can be assistants. This could be possible if professors of other classes were allowed to be assistants in classes they did not teach, but the conditions did not specify that. \nAnyway, it was mildly interesting, thanks. \nAlso, I don't see a code below, but hopefully one will be shown after pressing submit."
"A2F79GFUWU5O96","iwi5wx8n","Mozilla/5.0 (Windows NT 6.3; WOW64) AppleWebKit/537.36 (KHTML, like Gecko) Chrome/54.0.2840.99 Safari/537.36","modules/t01.html,modules/t02.html,modules/t03.html,modules/t04.html,modules/t05.html,modules/t06.html,modules/t07.html,modules/t08.html,modules/t09.html,modules/t10.html,modules/t11.html","modules/t09.html","44036","[true,false,false,true]","[true,false,false,true]","1","true","I don't see a survey code. It just says, ""Please copy and paste the following code back on Mechanical Turk before closing this window:   ""\n\nMy worker id is: A2F79GFUWU5O96"
"debug","iwi3r8au","Mozilla/5.0 (X11; Ubuntu; Linux x86_64; rv:50.0) Gecko/20100101 Firefox/50.0","modules/t01.html,modules/t02.html,modules/t03.html,modules/t04.html,modules/t05.html,modules/t06.html,modules/t07.html,modules/t08.html,modules/t09.html,modules/t10.html,modules/t11.html","modules/t09.html","3949","[true,false,false,true]","[true,true,true,true]","0.5","true","foobar"
"A1A7P5LC80G47W","iwi5jv1h","Mozilla/5.0 (Windows NT 6.1; WOW64; rv:50.0) Gecko/20100101 Firefox/50.0","modules/t01.html,modules/t02.html,modules/t03.html,modules/t04.html,modules/t05.html,modules/t06.html,modules/t07.html,modules/t08.html,modules/t09.html,modules/t10.html,modules/t11.html","modules/t09.html","75243","[true,false,false,true]","[true,true,true,true]","0.5","true","This was very confusing. I feel like some of the school ones were not right, or maybe I really didn't understand.  Like in the first few a professor had to have a title, later on it said the professor was someone with no title, but it was supposed to be consistant."
"A3HNPSPTA0NIR6","iwi5pkl5","Mozilla/5.0 (Windows NT 10.0; WOW64; rv:50.0) Gecko/20100101 Firefox/50.0","modules/t01.html,modules/t02.html,modules/t03.html,modules/t04.html,modules/t05.html,modules/t06.html,modules/t07.html,modules/t08.html,modules/t09.html,modules/t10.html,modules/t11.html","modules/t09.html","61591","[true,false,false,true]","[false,false,false,false]","0.5","false","Confusing that I click twice to get green to change to red.  "
"ATJFUHXPYHISH","iwi4oqp4","Mozilla/5.0 (Windows NT 6.1; WOW64; rv:50.0) Gecko/20100101 Firefox/50.0","modules/t01.html,modules/t02.html,modules/t03.html,modules/t04.html,modules/t05.html,modules/t06.html,modules/t07.html,modules/t08.html,modules/t09.html,modules/t10.html,modules/t11.html","modules/t09.html","6326","[true,false,false,true]","[true,true,true,true]","0.5","true","I didn't do to well with all the logic problems, thats never been my strong point.  "
"A3T9C1USL4V4IJ","iwi5s1zh","Mozilla/5.0 (Windows NT 6.1; WOW64) AppleWebKit/537.36 (KHTML, like Gecko) Chrome/54.0.2840.99 Safari/537.36","modules/t01.html,modules/t02.html,modules/t03.html,modules/t04.html,modules/t05.html,modules/t06.html,modules/t07.html,modules/t08.html,modules/t09.html,modules/t10.html,modules/t11.html","modules/t09.html","54975","[true,false,false,true]","[false,false,true,true]","0.5","true","this was difficult and hurt my brain but it was fun"
"A248TO3PTV0K5P","iwi5lzaa","Mozilla/5.0 (Windows NT 5.1) AppleWebKit/537.36 (KHTML, like Gecko) Chrome/49.0.2623.112 Safari/537.36","modules/t01.html,modules/t02.html,modules/t03.html,modules/t04.html,modules/t05.html,modules/t06.html,modules/t07.html,modules/t08.html,modules/t09.html,modules/t10.html,modules/t11.html","modules/t09.html","5810","[true,false,false,true]","[false,false,true,true]","0.5","true","nice survey "
"workerId","postId","userAgent","experimentID","taskID","modules/t10.html_time","modules/t10.html_answers","modules/t10.html_responses","modules/t10.html_grade","modules/t10.html_exitq","q1"
"A3NBOAYT9H3LO0","iwi5u45z","Mozilla/5.0 (Windows NT 6.1) AppleWebKit/537.36 (KHTML, like Gecko) Chrome/54.0.2840.99 Safari/537.36","modules/t01.html,modules/t02.html,modules/t03.html,modules/t04.html,modules/t05.html,modules/t06.html,modules/t07.html,modules/t08.html,modules/t09.html,modules/t10.html,modules/t11.html","modules/t10.html","105358","[false,false,true,true]","[false,false,true,true]","1","true","I really struggled with comprehending all of the different rules. "
"AGMJL8K9OMU64","iwi5oh9f","Mozilla/5.0 (Macintosh; Intel Mac OS X 10_11_1) AppleWebKit/537.36 (KHTML, like Gecko) Chrome/54.0.2840.98 Safari/537.36","modules/t01.html,modules/t02.html,modules/t03.html,modules/t04.html,modules/t05.html,modules/t06.html,modules/t07.html,modules/t08.html,modules/t09.html,modules/t10.html,modules/t11.html","modules/t10.html","76145","[false,false,true,true]","[true,false,true,false]","0.5","true","It was difficult to prioritize the list in a way that made it easy to eliminate issues."
"A320QA9HJFUOZO","iwi8uer7","Mozilla/5.0 (Windows NT 6.1; WOW64) AppleWebKit/537.36 (KHTML, like Gecko) Chrome/54.0.2840.99 Safari/537.36","modules/t01.html,modules/t02.html,modules/t03.html,modules/t04.html,modules/t05.html,modules/t06.html,modules/t07.html,modules/t08.html,modules/t09.html,modules/t10.html,modules/t11.html","modules/t10.html","140060","[false,false,true,true]","[false,true,true,false]","0.5","true","There was one I thought I got right and am confused how I got it wrong. The conditions stated ""For each class, only students can be assistants""  3rd set on the page - ""Jessica is a professor""  ""Jessica is an assistant"" - Marked it red b/c Jessica was a professor AND assistant, and only students can be assistants. This could be possible if professors of other classes were allowed to be assistants in classes they did not teach, but the conditions did not specify that. \nAnyway, it was mildly interesting, thanks. \nAlso, I don't see a code below, but hopefully one will be shown after pressing submit."
"A2F79GFUWU5O96","iwi5wx8n","Mozilla/5.0 (Windows NT 6.3; WOW64) AppleWebKit/537.36 (KHTML, like Gecko) Chrome/54.0.2840.99 Safari/537.36","modules/t01.html,modules/t02.html,modules/t03.html,modules/t04.html,modules/t05.html,modules/t06.html,modules/t07.html,modules/t08.html,modules/t09.html,modules/t10.html,modules/t11.html","modules/t10.html","58039","[false,false,true,true]","[true,false,true,false]","0.5","true","I don't see a survey code. It just says, ""Please copy and paste the following code back on Mechanical Turk before closing this window:   ""\n\nMy worker id is: A2F79GFUWU5O96"
"debug","iwi3r8au","Mozilla/5.0 (X11; Ubuntu; Linux x86_64; rv:50.0) Gecko/20100101 Firefox/50.0","modules/t01.html,modules/t02.html,modules/t03.html,modules/t04.html,modules/t05.html,modules/t06.html,modules/t07.html,modules/t08.html,modules/t09.html,modules/t10.html,modules/t11.html","modules/t10.html","12306","[false,false,true,true]","[true,true,true,true]","0.5","true","foobar"
"A1A7P5LC80G47W","iwi5jv1h","Mozilla/5.0 (Windows NT 6.1; WOW64; rv:50.0) Gecko/20100101 Firefox/50.0","modules/t01.html,modules/t02.html,modules/t03.html,modules/t04.html,modules/t05.html,modules/t06.html,modules/t07.html,modules/t08.html,modules/t09.html,modules/t10.html,modules/t11.html","modules/t10.html","74676","[false,false,true,true]","[true,true,false,false]","0","false","This was very confusing. I feel like some of the school ones were not right, or maybe I really didn't understand.  Like in the first few a professor had to have a title, later on it said the professor was someone with no title, but it was supposed to be consistant."
"A3HNPSPTA0NIR6","iwi5pkl5","Mozilla/5.0 (Windows NT 10.0; WOW64; rv:50.0) Gecko/20100101 Firefox/50.0","modules/t01.html,modules/t02.html,modules/t03.html,modules/t04.html,modules/t05.html,modules/t06.html,modules/t07.html,modules/t08.html,modules/t09.html,modules/t10.html,modules/t11.html","modules/t10.html","176384","[false,false,true,true]","[true,false,false,true]","0.5","false","Confusing that I click twice to get green to change to red.  "
"ATJFUHXPYHISH","iwi4oqp4","Mozilla/5.0 (Windows NT 6.1; WOW64; rv:50.0) Gecko/20100101 Firefox/50.0","modules/t01.html,modules/t02.html,modules/t03.html,modules/t04.html,modules/t05.html,modules/t06.html,modules/t07.html,modules/t08.html,modules/t09.html,modules/t10.html,modules/t11.html","modules/t10.html","7629","[false,false,true,true]","[true,true,true,true]","0.5","true","I didn't do to well with all the logic problems, thats never been my strong point.  "
"A3T9C1USL4V4IJ","iwi5s1zh","Mozilla/5.0 (Windows NT 6.1; WOW64) AppleWebKit/537.36 (KHTML, like Gecko) Chrome/54.0.2840.99 Safari/537.36","modules/t01.html,modules/t02.html,modules/t03.html,modules/t04.html,modules/t05.html,modules/t06.html,modules/t07.html,modules/t08.html,modules/t09.html,modules/t10.html,modules/t11.html","modules/t10.html","103431","[false,false,true,true]","[true,false,false,false]","0.25","true","this was difficult and hurt my brain but it was fun"
"A248TO3PTV0K5P","iwi5lzaa","Mozilla/5.0 (Windows NT 5.1) AppleWebKit/537.36 (KHTML, like Gecko) Chrome/49.0.2623.112 Safari/537.36","modules/t01.html,modules/t02.html,modules/t03.html,modules/t04.html,modules/t05.html,modules/t06.html,modules/t07.html,modules/t08.html,modules/t09.html,modules/t10.html,modules/t11.html","modules/t10.html","4885","[false,false,true,true]","[true,false,true,false]","0.5","true","nice survey "
"workerId","postId","userAgent","experimentID","taskID","modules/t11.html_time","modules/t11.html_answers","modules/t11.html_responses","modules/t11.html_grade","modules/t11.html_exitq","q1"
"A3NBOAYT9H3LO0","iwi5u45z","Mozilla/5.0 (Windows NT 6.1) AppleWebKit/537.36 (KHTML, like Gecko) Chrome/54.0.2840.99 Safari/537.36","modules/t01.html,modules/t02.html,modules/t03.html,modules/t04.html,modules/t05.html,modules/t06.html,modules/t07.html,modules/t08.html,modules/t09.html,modules/t10.html,modules/t11.html","modules/t11.html","124197","[true,false,true,false]","[true,false,false,true]","0.5","true","I really struggled with comprehending all of the different rules. "
"AGMJL8K9OMU64","iwi5oh9f","Mozilla/5.0 (Macintosh; Intel Mac OS X 10_11_1) AppleWebKit/537.36 (KHTML, like Gecko) Chrome/54.0.2840.98 Safari/537.36","modules/t01.html,modules/t02.html,modules/t03.html,modules/t04.html,modules/t05.html,modules/t06.html,modules/t07.html,modules/t08.html,modules/t09.html,modules/t10.html,modules/t11.html","modules/t11.html","136064","[true,false,true,false]","[true,true,true,false]","0.75","true","It was difficult to prioritize the list in a way that made it easy to eliminate issues."
"A320QA9HJFUOZO","iwi8uer7","Mozilla/5.0 (Windows NT 6.1; WOW64) AppleWebKit/537.36 (KHTML, like Gecko) Chrome/54.0.2840.99 Safari/537.36","modules/t01.html,modules/t02.html,modules/t03.html,modules/t04.html,modules/t05.html,modules/t06.html,modules/t07.html,modules/t08.html,modules/t09.html,modules/t10.html,modules/t11.html","modules/t11.html","107976","[true,false,true,false]","[true,false,true,false]","1","true","There was one I thought I got right and am confused how I got it wrong. The conditions stated ""For each class, only students can be assistants""  3rd set on the page - ""Jessica is a professor""  ""Jessica is an assistant"" - Marked it red b/c Jessica was a professor AND assistant, and only students can be assistants. This could be possible if professors of other classes were allowed to be assistants in classes they did not teach, but the conditions did not specify that. \nAnyway, it was mildly interesting, thanks. \nAlso, I don't see a code below, but hopefully one will be shown after pressing submit."
"A2F79GFUWU5O96","iwi5wx8n","Mozilla/5.0 (Windows NT 6.3; WOW64) AppleWebKit/537.36 (KHTML, like Gecko) Chrome/54.0.2840.99 Safari/537.36","modules/t01.html,modules/t02.html,modules/t03.html,modules/t04.html,modules/t05.html,modules/t06.html,modules/t07.html,modules/t08.html,modules/t09.html,modules/t10.html,modules/t11.html","modules/t11.html","7098","[true,false,true,false]","[true,true,false,false]","0.5","true","I don't see a survey code. It just says, ""Please copy and paste the following code back on Mechanical Turk before closing this window:   ""\n\nMy worker id is: A2F79GFUWU5O96"
"debug","iwi3r8au","Mozilla/5.0 (X11; Ubuntu; Linux x86_64; rv:50.0) Gecko/20100101 Firefox/50.0","modules/t01.html,modules/t02.html,modules/t03.html,modules/t04.html,modules/t05.html,modules/t06.html,modules/t07.html,modules/t08.html,modules/t09.html,modules/t10.html,modules/t11.html","modules/t11.html","3509","[true,false,true,false]","[true,true,true,true]","0.5","true","foobar"
"A1A7P5LC80G47W","iwi5jv1h","Mozilla/5.0 (Windows NT 6.1; WOW64; rv:50.0) Gecko/20100101 Firefox/50.0","modules/t01.html,modules/t02.html,modules/t03.html,modules/t04.html,modules/t05.html,modules/t06.html,modules/t07.html,modules/t08.html,modules/t09.html,modules/t10.html,modules/t11.html","modules/t11.html","72119","[true,false,true,false]","[true,true,true,false]","0.75","true","This was very confusing. I feel like some of the school ones were not right, or maybe I really didn't understand.  Like in the first few a professor had to have a title, later on it said the professor was someone with no title, but it was supposed to be consistant."
"A3HNPSPTA0NIR6","iwi5pkl5","Mozilla/5.0 (Windows NT 10.0; WOW64; rv:50.0) Gecko/20100101 Firefox/50.0","modules/t01.html,modules/t02.html,modules/t03.html,modules/t04.html,modules/t05.html,modules/t06.html,modules/t07.html,modules/t08.html,modules/t09.html,modules/t10.html,modules/t11.html","modules/t11.html","374077","[true,false,true,false]","[true,true,true,false]","0.75","false","Confusing that I click twice to get green to change to red.  "
"ATJFUHXPYHISH","iwi4oqp4","Mozilla/5.0 (Windows NT 6.1; WOW64; rv:50.0) Gecko/20100101 Firefox/50.0","modules/t01.html,modules/t02.html,modules/t03.html,modules/t04.html,modules/t05.html,modules/t06.html,modules/t07.html,modules/t08.html,modules/t09.html,modules/t10.html,modules/t11.html","modules/t11.html","6374","[true,false,true,false]","[true,true,true,true]","0.5","true","I didn't do to well with all the logic problems, thats never been my strong point.  "
"A3T9C1USL4V4IJ","iwi5s1zh","Mozilla/5.0 (Windows NT 6.1; WOW64) AppleWebKit/537.36 (KHTML, like Gecko) Chrome/54.0.2840.99 Safari/537.36","modules/t01.html,modules/t02.html,modules/t03.html,modules/t04.html,modules/t05.html,modules/t06.html,modules/t07.html,modules/t08.html,modules/t09.html,modules/t10.html,modules/t11.html","modules/t11.html","97272","[true,false,true,false]","[true,false,false,true]","0.5","true","this was difficult and hurt my brain but it was fun"
"A248TO3PTV0K5P","iwi5lzaa","Mozilla/5.0 (Windows NT 5.1) AppleWebKit/537.36 (KHTML, like Gecko) Chrome/49.0.2623.112 Safari/537.36","modules/t01.html,modules/t02.html,modules/t03.html,modules/t04.html,modules/t05.html,modules/t06.html,modules/t07.html,modules/t08.html,modules/t09.html,modules/t10.html,modules/t11.html","modules/t11.html","9573","[true,false,true,false]","[false,true,true,false]","0.5","true","nice survey "
